ID,Page,Location,"Claim (live text, 22 Sep 2026)",Claim type,Risk,Branch status,Evidence needed,Source document (fill in),Owner,Counsel sign-off,Notes
C01,About,CEO bio,Built NEMI greenfield to 300k sq ft,Corporate history,High,"Changed: 'Acquired and expanded ... to over 300,000 sq ft'","Acquisition docs, leases/deeds with sq ft",,CFO,,Contradicted our own deck and letter (MaaS acquired 2 yrs ago)
C02,"Home, About, Master Plan",Hero lede / letter summary,"sell Manufacturing-as-a-Service, profitably, today",Financial,High,Changed: profitability removed,Segment P&L if reinstated with exact measure (e.g. MaaS segment EBITDA-positive),,CFO,,Consolidated financials show losses
C03,"About, Master Plan",Letter: not a binary bet,MaaS is profitable on its own ... throws off real cash ... a business that already works,Financial,High,Changed: softened to belief,Segment P&L,,CFO,,
C04,"About, Master Plan, LMM Stack",Letter / stack,"over 300,000 sq ft",Operational,Medium,Unchanged,Leases/deeds totalling 300k+ sq ft,,CFO,,
C05,"About, Master Plan",Letter,We built and hardened these capabilities on our own EV business ... working with several large enterprise customers,Commercial,Medium,Unchanged,Customer contracts / POs (define 'large enterprise'),,CEO,,
C06,"About, Master Plan",Letter,The only way to get the data ...,Absolute,Medium,Changed: 'We believe the most reliable way',n/a (opinion),,Counsel,,
C07,"About, Master Plan",Letter Phase 2,I believe even cellphone manufacturing can be moved back to the US,Prediction,Medium,Changed: framed as ambition,"n/a, covered by FLS note",,Counsel,,
C08,"About, Master Plan",Under letter,(no forward-looking statements note),Missing disclosure,High,"Changed: FLS note added (draft, counsel to replace)",Counsel wording,,Counsel,,De-SPAC safe harbour does not apply; wording still matters
C09,"About, Master Plan",Letter Phase 1,we have built a massive library of lithium-ion cells ... library of BMS designs,Technical,Medium,Unchanged,Internal library inventory,,CTO,,'massive' is unquantified
C10,Home,Loop section,"Our LMM runs all of them, and every deployment compounds system intelligence",Technical / absolute,High,"Changed: 'is built to run', 'designed to feed back'",Deployment records per stage,,CTO,,
C11,Home,Suite cards,"Anvil LIVE, Orion LIVE, Atlas LIVE",Product status,High,Changed: LIVE badges removed,Paid production usage per suite; then reinstate Live / Pilot / Roadmap,,CTO,,Momentus 'successfully tested' pattern
C12,"Home, Careers, LMM Stack",Hero / careers,Trained inside our own factories. Proven on every part we ship. / proven daily ... on parts that ship / Every unit shipped is another training run,Technical / absolute,High,Unchanged,Training data logs tied to shipped parts,,CTO,,'every part' is an absolute; soften unless provable
C13,Careers,Hero,AI is going to transform manufacturing. We're leading the way.,Market position,Medium,Unchanged,"n/a, soften to ambition",,Counsel,,
C14,Home,Section headline,Competitors Simulate. We Execute.,Comparative,Low,Unchanged,n/a (tagline),,Counsel,,
C15,"Home, all footers",Badges,"AS9100D:2016, ISO 9001:2015",Certification,Medium,Unchanged,"Certificates: scope, sites covered, expiry dates",,Quality head,,FAQ says 'Our factories are certified': confirm every site is in scope
C16,All pages,Footer,© 2026 NEMI LMM,Entity name,Medium,Unchanged,Legal entity name as it will appear in the S-4,,Counsel,,Change when S-4 draft names the entity
C17,All pages,Footer / About,"Texas, US · Chennai · Coimbatore, India / Stafford, Texas (HQ)",Corporate,Low,Unchanged,Registered office / lease,,CFO,,
C18,About,Hero,More locations coming soon.,Forward-looking,Medium,Unchanged,"n/a, remove or cover by FLS",,Counsel,,
C19,Offerings,Stats + meta,"9 category factories, one stack",Operational,High,Changed: 'Manufacturing categories',Per category: Live / Pilot / Roadmap status,,COO,,Still need to label each category
C20,Offerings,Stats,"10–15 μm flight-critical tolerance, held in serial supply",Technical,Medium,Unchanged,CMM / SPC records,,Quality head,,
C21,Offerings,Tooling,2× faster to first shot,Comparative,Medium,Unchanged,Benchmark study,,COO,,
C22,Offerings,Speed,"Quotes in 24–48h, parts in 3–5 days; Home: revert within 24 hrs",Service promise,Low,Unchanged,Quote turnaround log,,Sales,,
C23,Offerings,Speed,"Committed date on the quote, and the date treated as the contract",Contractual,Medium,Unchanged,Standard T&Cs,,Counsel,,Public contractual promise; confirm T&Cs back it
C24,Offerings,Electronics,up to MIL-STD-810 / 461 grade,Technical,Medium,Unchanged,Test reports,,Quality head,,
C25,Offerings,Tooling,Proven across automotive and aerospace customers,Commercial,Low,Unchanged,Customer POs,,Sales,,
C26,Case Studies,Page kicker / hero,"Proof, not promises. / delivered, not promised",Framing,Medium,Unchanged,n/a,,Counsel,,Raises the bar for every number below
C27,"Case Studies, Case Messenger",Case 01,BNC Motors shown as a client,Related party,High,"Changed: labelled NEMI subsidiary, internal program",n/a,,CFO,,
C28,"Case Studies, Case Messenger",Case 01,↓ ~90% cost; $10M+ conventional vs <$1M program cost,Financial,High,Unchanged,Program cost ledger + source of $10M+ benchmark,,CFO,,
C29,"Case Messenger, LMM Stack",Case 01,"18 → 9 months, 50% reduction, 'benchmarked'",Performance,High,Unchanged,Project plan actuals + benchmark source,,COO,,
C30,"Case Studies, Case Messenger",Case 01,"100% spec met; sub-$1,000 price point; 250 kg payload",Performance,High,Unchanged,"Test report, BOM costing",,CTO,,
C31,"Case Studies, Case PMI",Case 02,7 → 3 hrs runtime; 10–15 µm; ~15 / day across 2 machines; <1 week to first supply,Performance,High,Unchanged,"Machine logs, CMM reports, delivery records",,COO,,'~15 / day*' asterisk has no visible footnote on Case Studies
C32,"Case Studies, Case PMI",Case 02,Aerospace OEM ... supplies on an ongoing basis,Commercial,Medium,Unchanged,Current PO / supply agreement; customer consent to be referenced,,Sales,,
C33,"Case Studies, Case Coffee",Case 03,12+ → 5 wks; >$200k → ~$100k (~50% lower); −20% BOM; 400 / mo; zero tooling,Performance / financial,High,Unchanged,Project records; customer's alternate quotes (per footnote),,COO,,Footnote relies on customer-shared data: get written consent
C34,"Case Studies, Case Drone",Case 04,16 → 4 mo; $500k → $100k (5× lower); 4/4 in-house; −20% BOM,Performance / financial,High,Unchanged,"Project ledger, benchmark source",,CFO,,
C35,Case Drone,Client block,"Bengaluru-based, founded 1997, AS9100D + CEMILAC, partner to leading defense and space agencies",Customer identity,High,Changed: genuinely anonymised,Written permission if we want to name them,,CEO,,Identifying in practice
C36,Case Drone,Body,MIL-grade (MIL-STD-810 / 461) controller,Technical,Medium,Unchanged,Qualification test reports,,CTO,,
C37,About,Team bios,"Yale, McKinsey; Meta Quest 100M+; 20+ / 30+ / 27+ years; ex-employers",Biographical,Medium,Unchanged,Each person signs off their bio; match S-4 word for word,,Counsel,,
C38,About,Advisory bench,"Ex-CEO Ashok Leyland, McKinsey Sr Partner, AXISCADES chairman, board roles",Biographical / association,Medium,Unchanged,Signed advisor agreements + written consent to be named,,CEO,,'Non-exec board' label must match actual board seat
C39,Invest + deck,Invest page / invest.nemilmm.com,Coming soon; deck sends investors to blank invest.nemilmm.com,Offering,High,Unchanged,"Decision: gated NDA+accreditation portal, or remove link",,CEO + counsel,,Decide this week
